chip,A,B,H,HV,J,JT,K,L0,L1,L2,L3,M,N,R,T,U,V,W,X
typed,0.666666666666667,1,0.0576923076923077,0,0,0.666666666666667,1,1,1,0,1,0,0.0909090909090909,1,0.95,0.96551724137931,0,0,0
imputed,1,1,1,0.666666666666667,1,1,1,1,1,1,1,1,0.363636363636364,0.25,0.95,0.96551724137931,1,1,1
