chip,typed,imputed
haplogroup,0.341085271317829,0.918604651162791
meta-haplogroup,0.372093023255814,0.949612403100775
