HG,TYPED,IMPUTED
Haplogroup,0.170542635658915,0.189922480620155
Meta-Haplogroup,0.957364341085271,0.965116279069767
