chip,A,B,F,H,I,J,K,L0,L1,L2,L3,M,N,R,T,U,V,W,X
typed,1,1,1,0.990740740740741,1,1,1,1,1,1,1,1,1,0,0.952380952380952,1,0.333333333333333,1,1
imputed,1,0.666666666666667,1,0.962962962962963,1,1,1,1,1,1,1,1,1,0,0.952380952380952,1,1,1,1
num_obs,3,3,1,108,8,25,25,1,2,5,3,3,3,3,21,29,9,2,4
