MAF$sub_experiment,MAF$info.mean,MAF$info.lower,MAF$info.upper,MAF$info.df
MAF0.1%,  0.4501360,  0.4252384,  0.4750337,100.0000000
MAF0.5%,  0.6592092,  0.6313850,  0.6870335,100.0000000
MAF1%,  0.7452321,  0.7184297,  0.7720344,100.0000000
