Df,Sum Sq,Mean Sq,F value,Pr(>F)
1,29.724298149686774,29.724298149686774,292.00947286995535,1.8912702730682388e-65
27,4042.5914047628357,149.72560758380874,1470.8941326556603,0
516563,52582.10452622772,0.10179223933233258,NA,NA
