Df,Sum Sq,Mean Sq,F value,Pr(>F)
1,7.924300796210899,7.924300796210899,86.19805520996057,1.6339314248106164e-20
27,4613.316399997975,170.86357037029538,1858.600253941916,0
511839,47054.033705891605,0.09193131767194686,NA,NA
