Df,Sum Sq,Mean Sq,F value,Pr(>F)
1,5717.946401570294,5717.946401570294,44463.32660962444,0
22,8689.35357346001,394.970616975455,3071.3312630845294,0
449229,57770.47153001398,0.12859915884774575,NA,NA
