Df,Sum Sq,Mean Sq,F value,Pr(>F)
1,6709.940065066577,6709.940065066577,57805.06514375566,0
22,10326.968105247086,469.4076411475948,4043.872078199281,0
441087,51200.83034453144,0.11607875621936588,NA,NA
