Df,Sum Sq,Mean Sq,F value,Pr(>F)
8,2.0170580577307655,0.2521322572163457,24.02450002171958,1.2913876405792008e-33
900,9.44531754207425,0.010494797268971389,NA,NA
