Df,Sum Sq,Mean Sq,F value,Pr(>F)
8,9.309343899437073,1.163667987429634,607.0385505720585,0
900,1.725263062287756,0.0019169589580975068,NA,NA
