k_hap,emmean,SE,df,lower.CL,upper.CL
khap_100,0.5475465621122596,0.012606006018017998,878,0.5228051379138772,0.572287986310642
khap_250,0.5587872691620384,0.012606006018018003,878,0.5340458449636559,0.5835286933604208
khap_500,0.5661856272699782,0.012606006018018014,878,0.5414442030715958,0.5909270514683607
khap_1000,0.5842954061670202,0.012606006018017993,878,0.5595539819686378,0.6090368303654027
khap_2500,0.43976640972619263,0.01260600601801799,878,0.4150249855278102,0.46450783392457506
khap_5000,0.24747505136253767,0.012606006018018,878,0.22273362716415523,0.2722164755609201
khap_10000,0.12343813729881714,0.012606006018018005,878,0.09869671310043471,0.14817956149719957
khap_20000,0.21082323259007094,0.012930120745906352,878,0.18544567828353473,0.23620078689660715
khap_30000,0.20170419022898758,0.013822880514514132,878,0.17457444350632817,0.228833936951647
