k_hap,emmean,SE,df,lower.CL,upper.CL
khap_100,0.013515203138308781,0.004763872289980262,900,0.004165611520503558,0.022864794756114006
khap_250,0.011655348644572147,0.004763872289980265,900,0.002305757026766917,0.021004940262377376
khap_500,0.007869216282322525,0.004763872289980276,900,-0.001480375335482724,0.017218807900127774
khap_1000,0.002985144607594119,0.0047638722899802696,900,-0.006364447010211117,0.012334736225399356
khap_2500,-0.006478232669360012,0.004763872289980265,900,-0.01582782428716524,0.0028713589484452174
khap_5000,-0.030124954089726146,0.004763872289980281,900,-0.03947454570753141,-0.020775362471920886
khap_10000,-0.03827940015785296,0.004763872289980273,900,-0.0476289917756582,-0.028929808540047716
khap_20000,-0.04971594239139757,0.004763872289980261,900,-0.059065534009202794,-0.04036635077359235
khap_30000,-0.014546719076011618,0.004763872289980245,900,-0.023896310693816807,-0.005197127458206429
