k_hap,emmean,SE,df,lower.CL,upper.CL
khap_100,-0.014722545656302318,0.0018503327942123956,900,-0.018354014958975418,-0.011091076353629218
khap_250,-0.015632936616471475,0.001850332794212397,900,-0.019264405919144578,-0.012001467313798371
khap_500,-0.024697773644767815,0.0018503327942124006,900,-0.028329242947440925,-0.021066304342094704
khap_1000,-0.03461439277313674,0.0018503327942123982,900,-0.03824586207580985,-0.030982923470463636
khap_2500,-0.04181546805035667,0.0018503327942123967,900,-0.04544693735302977,-0.03818399874768357
khap_5000,-0.045132729531832415,0.0018503327942124028,900,-0.04876419883450553,-0.0415012602291593
khap_10000,-0.031461236099931976,0.0018503327942123997,900,-0.03509270540260508,-0.02782976679725887
khap_20000,-0.02347089484007606,0.0018503327942123952,900,-0.02710236414274916,-0.01983942553740296
khap_30000,-0.006372736721186159,0.0018503327942123889,900,-0.010004206023859246,-0.0027412674185130713
