Df,Sum Sq,Mean Sq,F value,Pr(>F)
8,17.390441873779125,2.1738052342223906,115.19097223522468,3.275851026131546e-132
900,16.984184375187425,0.018871315972430473,NA,NA
