Df,Sum Sq,Mean Sq,F value,Pr(>F)
8,0.12308009911630165,0.015385012389537706,142.79148306732978,1.9267534035704862e-154
900,0.09697014733053061,1.0774460814503401e-4,NA,NA
