Df,Sum Sq,Mean Sq,F value,Pr(>F)
8,7.903596026344518,0.9879495032930647,44.31777402725032,4.3543203294782847e-60
900,20.063159138295863,0.022292399042550957,NA,NA
