Df,Sum Sq,Mean Sq,F value,Pr(>F)
8,0.43489434270741556,0.054361792838426945,23.716586224659412,3.456531246976715e-33
900,2.0629281588474844,0.002292142398719427,NA,NA
