k_hap,emmean,SE,df,lower.CL,upper.CL
khap_100,0.31028141741000037,0.013669115282209052,900,0.2834543662453092,0.33710846857469157
khap_250,0.3231049767341647,0.013669115282209062,900,0.2962779255694735,0.3499320278988559
khap_500,0.3249812161914007,0.013669115282209092,900,0.29815416502670944,0.35180826735609194
khap_1000,0.3107124596507177,0.013669115282209073,900,0.2838854084860265,0.3375395108154089
khap_2500,0.27566518265840656,0.01366911528220906,900,0.24883813149371536,0.30249223382309776
khap_5000,0.18722577250566544,0.013669115282209106,900,0.16039872134097416,0.21405282367035672
khap_10000,0.056610461831506156,0.013669115282209085,900,0.029783410666814912,0.0834375129961974
khap_20000,-0.0034637152000137955,0.01366911528220905,900,-0.03029076636470497,0.02336333596467738
khap_30000,-0.02202045296996667,0.013669115282209003,900,-0.04884750413465776,0.004806598194724416
