Df,Sum Sq,Mean Sq,F value,Pr(>F)
8,27.869661606983858,3.483707700872982,217.05276096131036,3.887385529827366e-202
878,14.091944040793337,0.016050050160356877,NA,NA
