k_hap,emmean,SE,df,lower.CL,upper.CL
khap_100,0.8381113744101013,0.010193570711541741,900,0.8181054385917567,0.858117310228446
khap_250,0.8491270288294275,0.010193570711541748,900,0.8291210930110828,0.8691329646477721
khap_500,0.8629536611381449,0.010193570711541769,900,0.8429477253198002,0.8829595969564895
khap_1000,0.8793764188440073,0.010193570711541755,900,0.8593704830256627,0.899382354662352
khap_2500,0.858513614664469,0.010193570711541746,900,0.8385076788461243,0.8785195504828136
khap_5000,0.8618735669417924,0.010193570711541781,900,0.8418676311234478,0.881879502760137
khap_10000,0.9071606577696696,0.010193570711541764,900,0.8871547219513249,0.9271665935880142
khap_20000,0.9660753361383378,0.010193570711541738,900,0.9460694003199932,0.9860812719566825
khap_30000,0.9731845368619307,0.010193570711541705,900,0.9531786010435862,0.9931904726802753
