Df,Sum Sq,Mean Sq,F value,Pr(>F)
8,0.13599587801243257,0.01699948475155407,49.16031899813803,6.166150391968511e-66
900,0.31121718874481147,3.4579687638312383e-4,NA,NA
