k_hap,emmean,SE,df,lower.CL,upper.CL
khap_100,0.24235558266787557,0.014856541394398437,900,0.2131980850618221,0.27151308027392906
khap_250,0.25264737685464206,0.014856541394398447,900,0.22348987924858857,0.2818048744606955
khap_500,0.2556098509278662,0.014856541394398477,900,0.22645235332181265,0.2847673485339197
khap_1000,0.24362769067292045,0.014856541394398457,900,0.21447019306686693,0.27278518827897397
khap_2500,0.22219528565322907,0.014856541394398444,900,0.19303778804717558,0.25135278325928256
khap_5000,0.17452628698598438,0.014856541394398494,900,0.1453687893799308,0.20368378459203795
khap_10000,0.07846239045884149,0.014856541394398471,900,0.049304892852787954,0.10761988806489502
khap_20000,0.030550852743598016,0.014856541394398433,900,0.0013933551375445545,0.05970835034965148
khap_30000,0.018733495920429742,0.014856541394398383,900,-0.010424001685623619,0.0478909935264831
