Df,Sum Sq,Mean Sq,F value,Pr(>F)
2,8.998949110178112e-5,4.499474555089056e-5,0.5747164770430856,0.5634849685618084
299,0.02340881018225565,7.82903350577112e-5,NA,NA
