contrast,estimate,SE,df,t.ratio,p.value,signf
MAF>1% - MAF>0.5%,-0.02116978541116717,0.01056097302399047,304,-2.004529825336885,0.11283045036830286,
MAF>1% - MAF>0.1%,-0.037182441299326775,0.010560973023990467,304,-3.520740107456252,0.0014370100956511145,**
MAF>0.5% - MAF>0.1%,-0.016012655888159606,0.010509076036585433,304,-1.5236977858390655,0.2812244927777131,
