refpan_maf,emmean,SE,df,lower.CL,upper.CL
MAF>1%,0.007916103370400171,0.004501118841909393,294,-9.42394185796256e-4,0.0167746009265966
MAF>0.5%,0.01686193975525091,0.00445720443724753,294,0.008089868632135264,0.025634010878366555
MAF>0.1%,0.021946894035206645,0.004690721972226972,294,0.012715245063649459,0.03117854300676383
