refpan_maf,emmean,SE,df,lower.CL,upper.CL
MAF>1%,0.7283797907957201,0.00409204429255103,304,0.7203274736451064,0.7364321079463338
MAF>0.5%,0.6925785963771589,0.004052120954539114,304,0.6846048402968563,0.7005523524574615
MAF>0.1%,0.6331193213249963,0.004052120954539115,304,0.6251455652446937,0.6410930774052989
