contrast,estimate,SE,df,t.ratio,p.value,signf
MAF>1% - MAF>0.5%,-0.019029329542712053,0.0023654345395488644,294,-8.04475001296858,7.915890165577366e-13,***
MAF>1% - MAF>0.1%,-0.039068895655846765,0.0024275816908359577,294,-16.093751161219654,6.967759702547482e-13,***
MAF>0.5% - MAF>0.1%,-0.020039566113134715,0.0024162568518078806,294,-8.293640677372856,7.398526236102043e-13,***
