Df,Sum Sq,Mean Sq,F value,Pr(>F)
2,0.013527715025742628,0.006763857512871314,0.27304996992557656,0.7612436891138782
300,7.431450200908164,0.02477150066969388,NA,NA
