contrast,estimate,SE,df,t.ratio,p.value,signf
MAF>1% - MAF>0.5%,0.012361310631863784,0.020872036962315713,300,0.5922426572060037,0.8243900299752707,
MAF>1% - MAF>0.1%,0.009329247130641068,0.020872036962315706,300,0.44697348646348933,0.8957800680774815,
MAF>0.5% - MAF>0.1%,-0.003032063501222714,0.02087203696231574,300,-0.14526917074251428,0.9884336177937613,
