Df,Sum Sq,Mean Sq,F value,Pr(>F)
2,0.07390954793977567,0.03695477396988783,129.51505408899962,4.602433410493687e-41
294,0.08388757294330482,2.8533188075954017e-4,NA,NA
