Df,Sum Sq,Mean Sq,F value,Pr(>F)
2,0.07089547022197255,0.03544773511098628,6.232355156437294,0.002225056006243757
304,1.7290592726586458,0.005687694975850808,NA,NA
