refpan_maf,emmean,SE,df,lower.CL,upper.CL
MAF>1%,0.3250159918891488,0.014758758873229699,300,0.2959721858600438,0.3540597979182538
MAF>0.5%,0.312654681257285,0.014758758873229715,300,0.28361087522817996,0.3416984872863901
MAF>0.1%,0.3156867447585077,0.014758758873229713,300,0.2866429387294027,0.3447305507876127
