contrast,estimate,SE,df,t.ratio,p.value,signf
MAF>1% - MAF>0.5%,0.10833618174359853,0.012394124395823703,304,8.740930644532119,1.0647038806155251e-12,***
MAF>1% - MAF>0.1%,0.19408600090576741,0.01239412439582371,304,15.65951693781338,1.0366152380925087e-12,***
MAF>0.5% - MAF>0.1%,0.08574981916216891,0.01233321923905401,304,6.952752359305837,6.689104825596814e-11,***
