contrast,estimate,SE,df,t.ratio,p.value,signf
MAF>1% - MAF>0.5%,0.009911657061539094,0.02214779369906884,300,0.447523450697295,0.8955375301753881,
MAF>1% - MAF>0.1%,0.01623527663424472,0.022147793699068833,300,0.733042616110665,0.7440625639337314,
MAF>0.5% - MAF>0.1%,0.006323619572705627,0.022147793699068875,300,0.2855191654133694,0.9560639494787918,
