refpan_maf,emmean,SE,df,lower.CL,upper.CL
MAF>1%,0.5666871115443186,0.0075042529036598495,304,0.5519202566330262,0.581453966455611
MAF>0.5%,0.5878568969554857,0.007431038929474604,304,0.5732341123664696,0.6024796815445018
MAF>0.1%,0.6038695528436454,0.007431038929474605,304,0.5892467682546293,0.6184923374326615
