refpan_maf,emmean,SE,df,lower.CL,upper.CL
MAF>1%,0.2557034130144976,0.015660855112932255,300,0.22488436907883466,0.2865224569501606
MAF>0.5%,0.24579175595295855,0.01566085511293227,300,0.21497271201729556,0.27661079988862153
MAF>0.1%,0.2394681363802529,0.01566085511293227,300,0.20864909244458993,0.2702871803159159
