Df,Sum Sq,Mean Sq,F value,Pr(>F)
2,0.009863124724453333,0.004931562362226667,2.410028599267544,0.0915851630057553
294,0.6016025431960796,0.002046267153728162,NA,NA
