Df,Sum Sq,Mean Sq,F value,Pr(>F)
2,1.9282736520631991,0.9641368260315996,123.07746396556229,6.967285025091324e-40
304,2.381407494678445,0.007833577285126464,NA,NA
