refpan_maf,emmean,SE,df,lower.CL,upper.CL
MAF>1%,-0.024603999468612997,0.0016807938976364971,294,-0.027911912269326048,-0.021296086667899946
MAF>0.5%,-0.005574669925900944,0.001664395516263681,294,-0.008850309634874197,-0.0022990302169276903
MAF>0.1%,0.01446489618723377,0.001751594913029234,294,0.011017642337359102,0.01791215003710844
