Df,Sum Sq,Mean Sq,F value,Pr(>F)
2,0.008384018808460814,0.004192009404230407,0.19054659819465772,0.8266071939311181
300,6.599975193387531,0.021999917311291767,NA,NA
