refpan_maf,emmean,SE,df,lower.CL,upper.CL
MAF>1%,0.8667413819164388,0.008806825258847033,304,0.8494113275464596,0.8840714362864179
MAF>0.5%,0.7584052001728402,0.00872090295779549,304,0.7412442235471165,0.7755661767985639
MAF>0.1%,0.6726553810106713,0.008720902957795486,304,0.6554944043849477,0.689816357636395
