contrast,estimate,SE,df,t.ratio,p.value,signf
MAF>1% - MAF>0.5%,0.0358011944185612,0.005758863665899242,304,6.216711576375002,5.016258852741373e-9,***
MAF>1% - MAF>0.1%,0.09526046947072385,0.005758863665899241,304,16.541539268380827,1.0366152380925087e-12,***
MAF>0.5% - MAF>0.1%,0.05945927505216266,0.005730564410285428,304,10.37581480550903,1.0641487691032125e-12,***
