contrast,estimate,SE,df,t.ratio,p.value,signf
MAF>1% - MAF>0.5%,-0.001306032410813435,0.0012390529337444355,299,-1.054056994051567,0.5434166947000375,
MAF>1% - MAF>0.1%,-8.725151521558753e-4,0.001254604639809375,299,-0.695450283276846,0.7663306295650207,
MAF>0.5% - MAF>0.1%,4.3351725865755974e-4,0.0012485917308483066,299,0.3472049733686955,0.9357268826687215,
