Df,Sum Sq,Mean Sq,F value,Pr(>F)
2,0.47310593911838233,0.23655296955919117,139.87058095752812,8.536824208523276e-44
304,0.5141331526164914,0.0016912274757121426,NA,NA
