contrast,estimate,SE,df,t.ratio,p.value,signf
MAF>1% - MAF>0.5%,-0.008945836384850737,0.006334567248392817,294,-1.4122253398005116,0.33588500839179447,
MAF>1% - MAF>0.1%,-0.01403079066480647,0.006500995573735194,294,-2.158252610029848,0.08023387964261663,.
MAF>0.5% - MAF>0.1%,-0.005084954279955736,0.006470667972949311,294,-0.7858468864750031,0.7120262155153563,
