sub_experiment,emmean,SE,df,lower.CL,upper.CL
kHAP100,-0.0257527331265098,0.00318860106609886,900,-0.0320106921954013,-0.0194947740576184
kHAP250,-0.0299530347667761,0.00318860106609886,900,-0.0362109938356676,-0.0236950756978847
kHAP500,-0.0405104440988695,0.00318860106609887,900,-0.0467684031677609,-0.034252485029978
kHAP1000,-0.0538654496862473,0.00318860106609886,900,-0.0601234087551388,-0.0476074906173558
kHAP2500,-0.0756913891862745,0.00318860106609886,900,-0.0819493482551659,-0.069433430117383
kHAP5000,-0.0983378527276561,0.00318860106609887,900,-0.104595811796548,-0.0920798936587647
kHAP10000,-0.108485000039072,0.00318860106609886,900,-0.114742959107964,-0.102227040970181
kHAP20000,-0.115291442324974,0.00318860106609886,900,-0.121549401393865,-0.109033483256083
kHAP30000,-0.119210421436776,0.00318860106609885,900,-0.125468380505667,-0.112952462367885
