Df,Sum.Sq,Mean.Sq,F.value,Pr..F.
8,1.14414042247437,0.143017552809297,139.273213002229,9.60554172290489e-152
900,0.924196367368268,0.00102688485263141,NA,NA
