Df,Sum.Sq,Mean.Sq,F.value,Pr..F.
8,11.3969666861701,1.42462083577126,283.406406256007,7.15908525587179e-240
900,4.52409939892443,0.00502677710991604,NA,NA
