Df,Sum.Sq,Mean.Sq,F.value,Pr..F.
8,1.14414042247436,0.143017552809295,139.273213002228,9.60554172292176e-152
900,0.924196367368265,0.00102688485263141,NA,NA
