sub_experiment,emmean,SE,df,lower.CL,upper.CL
kHAP100,0.158529152047013,0.00783889744351495,900,0.14314450582447,0.173913798269556
kHAP1000,0.130416435487273,0.0078388974435149,900,0.11503178926473,0.145801081709816
kHAP10000,0.075796885134449,0.00783889744351485,900,0.0604122389119062,0.0911815313569918
kHAP20000,0.0689904428485473,0.00783889744351486,900,0.0536057966260045,0.0843750890710902
kHAP250,0.154328850406746,0.00783889744351485,900,0.138944204184203,0.169713496629288
kHAP2500,0.108590495987247,0.00783889744351487,900,0.093205849764704,0.12397514220979
kHAP30000,0.0650714637367452,0.00783889744351484,900,0.0496868175142024,0.080456109959288
kHAP500,0.143771441074652,0.00783889744351486,900,0.12838679485211,0.159156087297195
kHAP5000,0.0859440324458654,0.00783889744351485,900,0.0705593862233226,0.101328678668408
