Df,Sum.Sq,Mean.Sq,F.value,Pr..F.
8,1.14414042247437,0.143017552809297,23.044007267621,2.98787866361381e-32
900,5.58565166351188,0.00620627962612431,NA,NA
