sub_experiment,emmean,SE,df,lower.CL,upper.CL
kHAP100,0.000800987754654577,0.00705479059896239,900,-0.0130447677640567,0.0146467432733658
kHAP250,-6.64233747774274e-05,0.0070547905989624,900,-0.0139121788934887,0.0137793321439338
kHAP500,-0.00215680605156092,0.00705479059896241,900,-0.0160025615702722,0.0116889494671504
kHAP1000,-0.00740425265888924,0.0070547905989624,900,-0.0212500081776005,0.00644150285982204
kHAP2500,-0.0304570709636079,0.0070547905989624,900,-0.0443028264823191,-0.0166113154448966
kHAP5000,-0.0818570412684514,0.00705479059896242,900,-0.0957027967871627,-0.0680112857497401
kHAP10000,-0.19346784717935,0.00705479059896241,900,-0.207313602698061,-0.179622091660639
kHAP20000,-0.252694053935779,0.00705479059896239,900,-0.26653980945449,-0.238848298417068
kHAP30000,-0.293646018114043,0.00705479059896237,900,-0.307491773632754,-0.279800262595332
