sub_experiment,emmean,SE,df,lower.CL,upper.CL
kHAP100,0.830499269342876,0.0159305234399507,900,0.799233970998359,0.861764567687393
kHAP250,0.829631858213444,0.0159305234399507,900,0.798366559868927,0.860897156557962
kHAP500,0.82754147553666,0.0159305234399507,900,0.796276177192143,0.858806773881178
kHAP1000,0.822294028929332,0.0159305234399507,900,0.791028730584814,0.853559327273849
kHAP2500,0.799241210624613,0.0159305234399507,900,0.767975912280096,0.830506508969131
kHAP5000,0.74784124031977,0.0159305234399507,900,0.716575941975252,0.779106538664287
kHAP10000,0.636230434408871,0.0159305234399507,900,0.604965136064353,0.667495732753388
kHAP20000,0.577004227652442,0.0159305234399507,900,0.545738929307925,0.60826952599696
kHAP30000,0.536052263474178,0.0159305234399506,900,0.504786965129661,0.567317561818695
