Df,Sum.Sq,Mean.Sq,F.value,Pr..F.
8,11.3969666861702,1.42462083577128,55.5799083314803,1.94022572053909e-73
900,23.0687453557374,0.0256319392841527,NA,NA
