Df,Sum.Sq,Mean.Sq,F.value,Pr..F.
8,11.3969666861701,1.42462083577126,55.5799083314799,1.94022572054105e-73
900,23.0687453557374,0.0256319392841527,NA,NA
