Df,Sum.Sq,Mean.Sq,F.value,Pr..F.
8,11.3969666861702,1.42462083577128,283.40640625601,7.15908525584904e-240
900,4.52409939892443,0.00502677710991603,NA,NA
