sub_experiment,emmean,SE,df,lower.CL,upper.CL
MAF1%,-0.00211382622082257,0.00458150038971847,304,-0.011129294169405,0.00690164172775984
MAF0.5%,0.00346357499176252,0.00453680175608114,304,-0.00546393506865578,0.0123910850521808
MAF0.1%,0.00625665703711083,0.00453680175608114,304,-0.00267085302330746,0.0151841670975291
