Df,Sum.Sq,Mean.Sq,F.value,Pr..F.
2,0.00238160991264901,0.0011908049563245,0.0446731691687407,0.956316259101447
304,8.10340330580254,0.026655931926982,NA,NA
