sub_experiment,emmean,SE,df,lower.CL,upper.CL
MAF1%,0.143740183015934,0.00860214806772712,304,0.126812892042088,0.16066747398978
MAF0.5%,0.161063899893487,0.00851822266507164,304,0.144301757170946,0.177826042616029
MAF0.1%,0.181669105983862,0.00851822266507164,304,0.16490696326132,0.198431248706404
