sub_experiment,emmean,SE,df,lower.CL,upper.CL
MAF1%,-0.0405417021575876,0.00265379339637575,304,-0.0457638318688229,-0.0353195724463522
MAF0.5%,-0.0214940881679068,0.00262790210996661,304,-0.0266652690538855,-0.0163229072819281
MAF0.1%,-0.000888882077531953,0.00262790210996661,304,-0.00606006296351065,0.00428229880844674
