sub_experiment,emmean,SE,df,lower.CL,upper.CL
MAF0.1%,-0.000888882077532014,0.00262790210996661,304,-0.0060600629635107,0.00428229880844667
MAF0.5%,-0.0214940881679066,0.00262790210996661,304,-0.0266652690538853,-0.0163229072819279
MAF1%,-0.0405417021575877,0.00265379339637575,304,-0.045763831868823,-0.0353195724463523
