contrast,estimate,SE,df,t.ratio,p.value
MAF0.1% - MAF0.5%,0.0206052060903746,0.0120465860202581,304,1.71046021302001,0.202899407987993
MAF0.1% - MAF1%,0.0379289229679284,0.012106075695734,304,3.13304855522207,0.0053786210388308
MAF0.5% - MAF1%,0.0173237168775539,0.012106075695734,304,1.43099360296074,0.326251326028015
