sub_experiment,emmean,SE,df,lower.CL,upper.CL
MAF0.1%,0.82357606455123,0.0160871207990046,304,0.791919858153458,0.855232270949001
MAF0.5%,0.820782982505881,0.0160871207990046,304,0.78912677610811,0.852439188903653
MAF1%,0.8275844553674,0.0162456184274078,304,0.795616357631148,0.859552553103651
