Df,Sum.Sq,Mean.Sq,F.value,Pr..F.
2,0.0735900866124742,0.0367950433062371,4.92327525226375,0.00786585685088671
304,2.27200239514393,0.00747369208928924,NA,NA
