Df,Sum.Sq,Mean.Sq,F.value,Pr..F.
2,0.00238160991264905,0.00119080495632452,0.0446731691687414,0.956316259101446
304,8.10340330580254,0.026655931926982,NA,NA
