contrast,estimate,SE,df,t.ratio,p.value
MAF1% - MAF0.5%,-0.0173237168775536,0.012106075695734,304,-1.43099360296072,0.326251326028025
MAF1% - MAF0.1%,-0.0379289229679285,0.012106075695734,304,-3.13304855522207,0.0053786210388308
MAF0.5% - MAF0.1%,-0.0206052060903749,0.0120465860202582,304,-1.71046021302002,0.202899407987987
