Df,Sum.Sq,Mean.Sq,F.value,Pr..F.
2,0.0802467655393335,0.0401233827696668,56.4081620069958,1.46280824119821e-21
304,0.216236585770441,0.000711304558455398,NA,NA
