contrast,estimate,SE,df,t.ratio,p.value
MAF1% - MAF0.5%,-0.0190476139896808,0.00373476758182012,304,-5.10008014485283,1.78884111157185e-06
MAF1% - MAF0.1%,-0.0396528200800556,0.00373476758182012,304,-10.6172122391431,1.06237241226381e-12
MAF0.5% - MAF0.1%,-0.0206052060903748,0.00371641480450365,304,-5.54437735674846,1.91914256153503e-07
