contrast,estimate,SE,df,t.ratio,p.value
MAF0.1% - MAF0.5%,0.0206052060903746,0.00371641480450363,304,5.54437735674843,1.91914256153503e-07
MAF0.1% - MAF1%,0.0396528200800556,0.00373476758182012,304,10.6172122391432,1.06237241226381e-12
MAF0.5% - MAF1%,0.0190476139896811,0.00373476758182012,304,5.1000801448529,1.78884111157185e-06
