contrast,estimate,SE,df,t.ratio,p.value
MAF1% - MAF0.5%,0.00680147286151819,0.0228629738592927,304,0.297488546475932,0.952395111838024
MAF1% - MAF0.1%,0.00400839081616998,0.0228629738592927,304,0.175322372357994,0.983198094016881
MAF0.5% - MAF0.1%,-0.00279308204534821,0.0227506244134866,304,-0.122769467535689,0.991725102753033
