contrast,estimate,SE,df,t.ratio,p.value
MAF1% - MAF0.5%,-0.00557740121258509,0.00644769074901794,304,-0.865023064797982,0.662765347362127
MAF1% - MAF0.1%,-0.0083704832579334,0.00644769074901794,304,-1.29821413336369,0.397270418951925
MAF0.5% - MAF0.1%,-0.00279308204534831,0.00641600657324802,304,-0.435330296729161,0.900859616996093
