Df,Sum.Sq,Mean.Sq,F.value,Pr..F.
2,0.00369791689489955,0.00184895844744978,0.872148266038921,0.419095826499795
304,0.644481437287691,0.00212000472792004,NA,NA
