Df,Sum.Sq,Mean.Sq,F.value,Pr..F.
2,0.073590086612474,0.036795043306237,4.92327525226374,0.00786585685088682
304,2.27200239514393,0.00747369208928924,NA,NA
