Df,Sum.Sq,Mean.Sq,F.value,Pr..F.
2,0.0802467655393336,0.0401233827696668,56.408162006996,1.46280824119804e-21
304,0.216236585770441,0.000711304558455398,NA,NA
