sub_experiment,emmean,SE,df,lower.CL,upper.CL
MAF0.1%,0.00625665703711081,0.00453680175608113,304,-0.00267085302330746,0.0151841670975291
MAF0.5%,0.00346357499176255,0.00453680175608113,304,-0.00546393506865572,0.0123910850521808
MAF1%,-0.00211382622082258,0.00458150038971848,304,-0.011129294169405,0.00690164172775985
