contrast,estimate,SE,df,t.ratio,p.value
MAF0.1% - MAF0.5%,0.00279308204534827,0.0227506244134865,304,0.122769467535693,0.991725102753032
MAF0.1% - MAF1%,-0.00400839081616988,0.0228629738592927,304,-0.175322372357989,0.983198094016882
MAF0.5% - MAF1%,-0.00680147286151815,0.0228629738592927,304,-0.29748854647593,0.952395111838025
