contrast,estimate,SE,df,t.ratio,p.value
MAF0.1% - MAF0.5%,0.00279308204534826,0.00641600657324799,304,0.435330296729156,0.900859616996095
MAF0.1% - MAF1%,0.00837048325793339,0.00644769074901794,304,1.29821413336369,0.397270418951926
MAF0.5% - MAF1%,0.00557740121258512,0.00644769074901794,304,0.865023064797987,0.662765347362124
