Df,Sum.Sq,Mean.Sq,F.value,Pr..F.
4,8.52688756471963e-06,2.13172189117991e-06,0.00107966405359175,0.999997662719364
500,0.987215367636002,0.001974430735272,NA,NA
