Df,Sum.Sq,Mean.Sq,F.value,Pr..F.
4,8.52688756472109e-06,2.13172189118027e-06,0.000111028181942366,0.999999975250561
500,9.59991352594979,0.0191998270518996,NA,NA
