Df,Sum.Sq,Mean.Sq,F.value,Pr..F.
4,6.07768174052472e-05,1.51942043513118e-05,0.00236533684168128,0.999988801254954
500,3.21184790334382,0.00642369580668763,NA,NA
