sub_experiment,emmean,SE,df,lower.CL,upper.CL
MCMC1,-0.040549516672267,0.00288120133585735,500,-0.0462102700925635,-0.0348887632519706
MCMC10,-0.0408894480608282,0.00288120133585735,500,-0.0465502014811246,-0.0352286946405318
MCMC20,-0.0414989802058343,0.00288120133585734,500,-0.0471597336261307,-0.0358382267855379
MCMC30,-0.0412020286480108,0.00288120133585735,500,-0.0468627820683072,-0.0355412752277144
MCMC5,-0.0406784561644799,0.00288120133585736,500,-0.0463392095847764,-0.0350177027441835
