sub_experiment,emmean,SE,df,lower.CL,upper.CL
MCMC1,-0.00170747145748513,0.00442140465928069,500,-0.0103942929010445,0.00697934998607428
MCMC5,-0.00183641094969797,0.00442140465928069,500,-0.0105232323932574,0.00685041049386145
MCMC10,-0.00153555213453469,0.00442140465928069,500,-0.0102223735780941,0.00715126930902473
MCMC20,-0.00146912875975837,0.00442140465928069,500,-0.0101559502033178,0.00721769268380105
MCMC30,-0.0015980682519712,0.00442140465928068,500,-0.0102848896955306,0.0070887531915882
