sub_experiment,emmean,SE,df,lower.CL,upper.CL
MCMC1,0.827990810130737,0.0137875776532196,500,0.800902082804835,0.85507953745664
MCMC10,0.828162729453688,0.0137875776532196,500,0.801074002127785,0.85525145677959
MCMC20,0.828229152828464,0.0137875776532196,500,0.801140425502561,0.855317880154366
MCMC30,0.828100213336251,0.0137875776532196,500,0.801011486010349,0.855188940662153
MCMC5,0.827861870638524,0.0137875776532197,500,0.800773143312622,0.854950597964427
