sub_experiment,emmean,SE,df,lower.CL,upper.CL
MCMC1,0.143732368501254,0.00797502028718835,500,0.128063687938811,0.159401049063698
MCMC5,0.143603429009042,0.00797502028718836,500,0.127934748446598,0.159272109571485
MCMC10,0.143392437112693,0.00797502028718835,500,0.12772375655025,0.159061117675137
MCMC20,0.142782904967687,0.00797502028718836,500,0.127114224405243,0.158451585530131
MCMC30,0.143079856525511,0.00797502028718833,500,0.127411175963067,0.158748537087954
