Df,Sum.Sq,Mean.Sq,F.value,Pr..F.
4,6.07768174052423e-05,1.51942043513106e-05,0.0181221355430545,0.999356392026343
500,0.419216717456181,0.000838433434912361,NA,NA
