Df,Sum.Sq,Mean.Sq,F.value,Pr..F.
4,6.0776817405248e-05,1.5194204351312e-05,0.00236533684168131,0.999988801254954
500,3.21184790334382,0.00642369580668763,NA,NA
