Df,Sum.Sq,Mean.Sq,F.value,Pr..F.
4,8.52688756472217e-06,2.13172189118054e-06,0.00011102818194238,0.999999975250561
500,9.59991352594979,0.0191998270518996,NA,NA
