sub_experiment,emmean,SE,df,lower.CL,upper.CL
kHAP100,0.430759492681708,0.0104560260200937,900,0.410238461200945,0.451280524162472
kHAP250,0.427946267397063,0.0104560260200937,900,0.4074252359163,0.448467298877826
kHAP500,0.423734243984777,0.0104560260200935,900,0.403213212504014,0.44425527546554
kHAP1000,0.412235185633798,0.0104560260200936,900,0.391714154153035,0.432756217114561
kHAP2500,0.375514781154517,0.0104560260200935,900,0.354993749673754,0.39603581263528
kHAP5000,0.285432963185821,0.0104560260200936,900,0.264911931705058,0.305953994666585
kHAP10000,0.158439285128198,0.0104560260200936,900,0.137918253647434,0.178960316608961
kHAP20000,0.0862956856064465,0.0104560260200935,900,0.0657746541256834,0.10681671708721
kHAP30000,0.0376425172114697,0.0104560260200935,900,0.0171214857307066,0.0581635486922328
