sub_experiment,emmean,SE,df,lower.CL,upper.CL
MAF1%,0.859741183273813,0.0182742051672471,304,0.823781236322622,0.895701130225003
MAF0.5%,0.854844024183723,0.0180959159754319,304,0.819234914372696,0.890453133994749
MAF0.1%,0.852192703504188,0.0180959159754319,304,0.816583593693161,0.887801813315214
