contrast,estimate,SE,df,t.ratio,p.value
MAF1% - MAF0.5%,0.00489715909008994,0.0257178682919975,304,0.190418546144191,0.980210531888602
MAF1% - MAF0.1%,0.00754847976962503,0.0257178682919976,304,0.293511098350785,0.953629359654252
MAF0.5% - MAF0.1%,0.00265132067953509,0.0255914897960197,304,0.103601654326019,0.994100143218545
