sub_experiment,emmean,SE,df,lower.CL,upper.CL
MAF1%,0.893034923066103,0.0179150280214284,304,0.857781764234643,0.928288081897564
MAF0.5%,0.887035348388135,0.0177402430806851,304,0.852126131038095,0.921944565738176
MAF0.1%,0.8818169975709,0.0177402430806852,304,0.846907780220859,0.916726214920941
