contrast,estimate,SE,df,t.ratio,p.value
MAF1% - MAF0.5%,-0.00395497898768052,0.0180940472980862,304,-0.218579012341746,0.974007996635438
MAF1% - MAF0.1%,0.00126337182955457,0.0180940472980863,304,0.0698225117211996,0.997315831139405
MAF0.5% - MAF0.1%,0.00521835081723509,0.0180051325226577,304,0.289825737781619,0.954759561777143
