sub_experiment,emmean,SE,df,lower.CL,upper.CL
MAF1%,0.4236873568967,0.0125808699749433,304,0.398930744351404,0.448443969441997
MAF0.5%,0.427249599619926,0.0124581268449611,304,0.402734520777595,0.451764678462258
MAF0.1%,0.424598278940392,0.0124581268449611,304,0.40008320009806,0.449113357782723
