contrast,estimate,SE,df,t.ratio,p.value
MAF1% - MAF0.5%,0.00599957467796803,0.0252123869074382,304,0.237961391755337,0.969269697007441
MAF1% - MAF0.1%,0.0112179254952032,0.0252123869074383,304,0.444937067497312,0.896675652158703
MAF0.5% - MAF0.1%,0.00521835081723519,0.0250884923645004,304,0.207997784060513,0.976433998732089
