sub_experiment,emmean,SE,df,lower.CL,upper.CL
MAF1%,0.379980776293888,0.0128569883349931,304,0.354680818553068,0.405280734034708
MAF0.5%,0.383935755281569,0.0127315513029337,304,0.358882632299212,0.408988878263925
MAF0.1%,0.378717404464334,0.0127315513029338,304,0.353664281481977,0.40377052744669
