contrast,estimate,SE,df,t.ratio,p.value
MAF1% - MAF0.5%,-0.00356224272322627,0.0177054571760113,304,-0.201194619704747,0.977933276639302
MAF1% - MAF0.1%,-0.000910922043691298,0.0177054571760114,304,-0.051448659847399,0.998541731461474
MAF0.5% - MAF0.1%,0.00265132067953497,0.0176184519459083,304,0.15048545057619,0.987593395437645
