sub_experiment,emmean,SE,df,lower.CL,upper.CL
MCMC1,0.859983433228879,0.0170433636410358,500,0.826497998586166,0.893468867871592
MCMC5,0.859803699391249,0.0170433636410359,500,0.826318264748536,0.893289134033962
MCMC10,0.859745090531152,0.0170433636410358,500,0.826259655888439,0.893230525173865
MCMC20,0.85978025584721,0.0170433636410359,500,0.826294821204497,0.893265690489923
MCMC30,0.859901380824743,0.0170433636410359,500,0.82641594618203,0.893386815467457
