sub_experiment,emmean,SE,df,lower.CL,upper.CL
MCMC1,0.423929606851767,0.0120923634786151,500,0.400171500443466,0.447687713260068
MCMC5,0.423749873014137,0.0120923634786151,500,0.399991766605836,0.447507979422438
MCMC10,0.42369126415404,0.0120923634786151,500,0.399933157745739,0.447449370562341
MCMC20,0.423726429470098,0.0120923634786151,500,0.399968323061797,0.447484535878399
MCMC30,0.423847554447631,0.0120923634786151,500,0.40008944803933,0.447605660855932
