sub_experiment,emmean,SE,df,lower.CL,upper.CL
MCMC1,0.380223026248955,0.0125776821961599,500,0.355511404528799,0.40493464796911
MCMC5,0.379929981948471,0.0125776821961599,500,0.355218360228316,0.404641603668627
MCMC10,0.379820578742957,0.0125776821961599,500,0.355108957022802,0.404532200463113
MCMC20,0.379996405323247,0.0125776821961599,500,0.355284783603092,0.404708027043403
MCMC30,0.380031570639305,0.0125776821961599,500,0.35531994891915,0.404743192359461
