sub_experiment,emmean,SE,df,lower.CL,upper.CL
MCMC1,0.893277173021171,0.0165353757958958,500,0.860789792174996,0.925764553867345
MCMC5,0.892984128720687,0.0165353757958959,500,0.860496747874512,0.925471509566861
MCMC10,0.892874725515173,0.0165353757958958,500,0.860387344668999,0.925362106361347
MCMC20,0.893050552095463,0.0165353757958959,500,0.860563171249288,0.925537932941637
MCMC30,0.893085717411521,0.0165353757958958,500,0.860598336565347,0.925573098257695
